{"batch/loss": 0.8470748662948608, "batch/accuracy": 0.779296875, "batch/batch_step": 395, "batch/learning_rate": 0.009999999776482582, "_timestamp": 1717528573.5300767, "_runtime": 25.775998830795288, "_step": 87, "epoch/loss": 0.8474359512329102, "epoch/accuracy": 0.7785833477973938, "epoch/val_loss": 0.7402670979499817, "epoch/val_accuracy": 0.8259999752044678, "epoch/epoch": 7, "epoch/learning_rate": 0.009999999776482582, "_wandb": {"runtime": 25}}