{"epoch/acc": 0.4615384638309479, "epoch/loss": -15.327885627746582, "epoch/val_acc": 0.3333333432674408, "epoch/val_loss": -0.7261317372322083, "epoch/epoch": 24, "_timestamp": 1720478077.0007217, "_runtime": 2212.3458065986633, "_step": 49}